flight_id,airline,flight_number,origin,destination,departure_at,arrival_at,flight_date,first_seen_at,last_seen_at
QH101_HAN_DAD_20261014T0540,Bamboo Airways,QH 101,HAN,DAD,2026-10-14 05:40,2026-10-14 07:05,2026-10-14,2026-10-05T05:28:52.951579+07:00,2026-10-08T14:28:53.493641+07:00
VJ501_HAN_DAD_20261014T0540,Vietjet,VJ 501,HAN,DAD,2026-10-14 05:40,2026-10-14 07:00,2026-10-14,2026-10-05T05:28:52.951579+07:00,2026-10-08T14:28:53.493641+07:00
VU635_HAN_DAD_20261014T0615,Vietravel Airlines,VU 635,HAN,DAD,2026-10-14 06:15,2026-10-14 07:40,2026-10-14,2026-10-05T05:28:52.951579+07:00,2026-10-08T14:28:53.493641+07:00
9G905_HAN_DAD_20261014T0615,Sun PhuQuoc Airways,9G 905,HAN,DAD,2026-10-14 06:15,2026-10-14 07:35,2026-10-14,2026-10-05T05:28:52.951579+07:00,2026-10-08T14:28:53.493641+07:00
VN159_HAN_DAD_20261014T0650,Vietnam Airlines,VN 159,HAN,DAD,2026-10-14 06:50,2026-10-14 08:15,2026-10-14,2026-10-05T05:28:52.951579+07:00,2026-10-08T14:28:53.493641+07:00
9G907_HAN_DAD_20261014T0705,Sun PhuQuoc Airways,9G 907,HAN,DAD,2026-10-14 07:05,2026-10-14 08:25,2026-10-14,2026-10-05T05:28:52.951579+07:00,2026-10-08T14:28:53.493641+07:00
VJ503_HAN_DAD_20261014T0730,Vietjet,VJ 503,HAN,DAD,2026-10-14 07:30,2026-10-14 08:50,2026-10-14,2026-10-05T05:28:52.951579+07:00,2026-10-08T14:28:53.493641+07:00
VN163_HAN_DAD_20261014T0745,Vietnam Airlines,VN 163,HAN,DAD,2026-10-14 07:45,2026-10-14 09:10,2026-10-14,2026-10-05T05:28:52.951579+07:00,2026-10-08T14:28:53.493641+07:00
VN6081_HAN_DAD_20261014T0815,Vietnam Airlines,VN 6081,HAN,DAD,2026-10-14 08:15,2026-10-14 09:45,2026-10-14,2026-10-05T05:28:52.951579+07:00,2026-10-08T14:28:53.493641+07:00
VJ505_HAN_DAD_20261014T0905,Vietjet,VJ 505,HAN,DAD,2026-10-14 09:05,2026-10-14 10:25,2026-10-14,2026-10-05T05:28:52.951579+07:00,2026-10-08T14:28:53.493641+07:00
VN165_HAN_DAD_20261014T0935,Vietnam Airlines,VN 165,HAN,DAD,2026-10-14 09:35,2026-10-14 11:00,2026-10-14,2026-10-05T05:28:52.951579+07:00,2026-10-08T14:28:53.493641+07:00
9G911_HAN_DAD_20261014T1020,Sun PhuQuoc Airways,9G 911,HAN,DAD,2026-10-14 10:20,2026-10-14 11:40,2026-10-14,2026-10-05T05:28:52.951579+07:00,2026-10-08T14:28:53.493641+07:00
VN167_HAN_DAD_20261014T1055,Vietnam Airlines,VN 167,HAN,DAD,2026-10-14 10:55,2026-10-14 12:20,2026-10-14,2026-10-05T05:28:52.951579+07:00,2026-10-08T14:28:53.493641+07:00
VJ507_HAN_DAD_20261014T1110,Vietjet,VJ 507,HAN,DAD,2026-10-14 11:10,2026-10-14 12:30,2026-10-14,2026-10-05T05:28:52.951579+07:00,2026-10-08T14:28:53.493641+07:00
VN171_HAN_DAD_20261014T1145,Vietnam Airlines,VN 171,HAN,DAD,2026-10-14 11:45,2026-10-14 13:10,2026-10-14,2026-10-05T05:28:52.951579+07:00,2026-10-08T14:28:53.493641+07:00
VN169_HAN_DAD_20261014T1150,Vietnam Airlines,VN 169,HAN,DAD,2026-10-14 11:50,2026-10-14 13:15,2026-10-14,2026-10-05T05:28:52.951579+07:00,2026-10-08T14:28:53.493641+07:00
VJ515_HAN_DAD_20261014T1210,Vietjet,VJ 515,HAN,DAD,2026-10-14 12:10,2026-10-14 13:30,2026-10-14,2026-10-05T05:28:52.951579+07:00,2026-10-08T14:28:53.493641+07:00
VN161_HAN_DAD_20261014T1240,Vietnam Airlines,VN 161,HAN,DAD,2026-10-14 12:40,2026-10-14 14:05,2026-10-14,2026-10-05T05:28:52.951579+07:00,2026-10-08T14:28:53.493641+07:00
9G923_HAN_DAD_20261014T1315,Sun PhuQuoc Airways,9G 923,HAN,DAD,2026-10-14 13:15,2026-10-14 14:35,2026-10-14,2026-10-05T05:28:52.951579+07:00,2026-10-08T14:28:53.493641+07:00
VN7051_HAN_DAD_20261014T1350,Vietnam Airlines,VN 7051,HAN,DAD,2026-10-14 13:50,2026-10-14 15:15,2026-10-14,2026-10-05T05:28:52.951579+07:00,2026-10-08T14:28:53.493641+07:00
VJ525_HAN_DAD_20261014T1405,Vietjet,VJ 525,HAN,DAD,2026-10-14 14:05,2026-10-14 15:30,2026-10-14,2026-10-05T05:28:52.951579+07:00,2026-10-08T14:28:53.493641+07:00
VJ1505_HAN_DAD_20261014T1435,Vietjet,VJ 1505,HAN,DAD,2026-10-14 14:35,2026-10-14 15:55,2026-10-14,2026-10-05T05:28:52.951579+07:00,2026-10-08T14:28:53.493641+07:00
VN173_HAN_DAD_20261014T1435,Vietnam Airlines,VN 173,HAN,DAD,2026-10-14 14:35,2026-10-14 16:00,2026-10-14,2026-10-05T05:28:52.951579+07:00,2026-10-08T14:28:53.493641+07:00
9G925_HAN_DAD_20261014T1510,Sun PhuQuoc Airways,9G 925,HAN,DAD,2026-10-14 15:10,2026-10-14 16:30,2026-10-14,2026-10-05T05:28:52.951579+07:00,2026-10-08T14:28:53.493641+07:00
VN179_HAN_DAD_20261014T1605,Vietnam Airlines,VN 179,HAN,DAD,2026-10-14 16:05,2026-10-14 17:30,2026-10-14,2026-10-05T05:28:52.951579+07:00,2026-10-08T14:28:53.493641+07:00
VN177_HAN_DAD_20261014T1610,Vietnam Airlines,VN 177,HAN,DAD,2026-10-14 16:10,2026-10-14 17:35,2026-10-14,2026-10-05T05:28:52.951579+07:00,2026-10-08T14:28:53.493641+07:00
9G927_HAN_DAD_20261014T1615,Sun PhuQuoc Airways,9G 927,HAN,DAD,2026-10-14 16:15,2026-10-14 17:35,2026-10-14,2026-10-05T05:28:52.951579+07:00,2026-10-08T14:28:53.493641+07:00
VJ1511_HAN_DAD_20261014T1635,Vietjet,VJ 1511,HAN,DAD,2026-10-14 16:35,2026-10-14 17:55,2026-10-14,2026-10-05T05:28:52.951579+07:00,2026-10-08T14:28:53.493641+07:00
VU639_HAN_DAD_20261014T1655,Vietravel Airlines,VU 639,HAN,DAD,2026-10-14 16:55,2026-10-14 18:20,2026-10-14,2026-10-05T05:28:52.951579+07:00,2026-10-07T14:28:52.726999+07:00
VN187_HAN_DAD_20261014T1725,Vietnam Airlines,VN 187,HAN,DAD,2026-10-14 17:25,2026-10-14 18:50,2026-10-14,2026-10-05T05:28:52.951579+07:00,2026-10-08T14:28:53.493641+07:00
VJ517_HAN_DAD_20261014T1745,Vietjet,VJ 517,HAN,DAD,2026-10-14 17:45,2026-10-14 19:05,2026-10-14,2026-10-05T05:28:52.951579+07:00,2026-10-08T14:28:53.493641+07:00
VN6071_HAN_DAD_20261014T1820,Vietnam Airlines,VN 6071,HAN,DAD,2026-10-14 18:20,2026-10-14 19:50,2026-10-14,2026-10-05T05:28:52.951579+07:00,2026-10-08T14:28:53.493641+07:00
VJ521_HAN_DAD_20261014T1845,Vietjet,VJ 521,HAN,DAD,2026-10-14 18:45,2026-10-14 20:05,2026-10-14,2026-10-05T05:28:52.951579+07:00,2026-10-08T14:28:53.493641+07:00
VJ519_HAN_DAD_20261014T1925,Vietjet,VJ 519,HAN,DAD,2026-10-14 19:25,2026-10-14 20:45,2026-10-14,2026-10-05T05:28:52.951579+07:00,2026-10-08T14:28:53.493641+07:00
9G935_HAN_DAD_20261014T1930,Sun PhuQuoc Airways,9G 935,HAN,DAD,2026-10-14 19:30,2026-10-14 20:50,2026-10-14,2026-10-05T05:28:52.951579+07:00,2026-10-08T14:28:53.493641+07:00
9G939_HAN_DAD_20261014T2020,Sun PhuQuoc Airways,9G 939,HAN,DAD,2026-10-14 20:20,2026-10-14 21:40,2026-10-14,2026-10-05T05:28:52.951579+07:00,2026-10-08T14:28:53.493641+07:00
VN199_HAN_DAD_20261014T2025,Vietnam Airlines,VN 199,HAN,DAD,2026-10-14 20:25,2026-10-14 21:50,2026-10-14,2026-10-05T05:28:52.951579+07:00,2026-10-08T14:28:53.493641+07:00
VN7197_HAN_DAD_20261014T2035,Vietnam Airlines,VN 7197,HAN,DAD,2026-10-14 20:35,2026-10-14 22:00,2026-10-14,2026-10-05T05:28:52.951579+07:00,2026-10-08T14:28:53.493641+07:00
VN1573_HAN_DLI_20261014T0655,Vietnam Airlines,VN 1573,HAN,DLI,2026-10-14 06:55,2026-10-14 08:50,2026-10-14,2026-10-05T05:29:00.300395+07:00,2026-10-08T14:29:00.843702+07:00
VJ403_HAN_DLI_20261014T1025,Vietjet,VJ 403,HAN,DLI,2026-10-14 10:25,2026-10-14 12:15,2026-10-14,2026-10-05T05:29:00.300395+07:00,2026-10-08T14:29:00.843702+07:00
VN1575_HAN_DLI_20261014T1130,Vietnam Airlines,VN 1575,HAN,DLI,2026-10-14 11:30,2026-10-14 13:25,2026-10-14,2026-10-05T05:29:00.300395+07:00,2026-10-08T14:29:00.843702+07:00
VJ407_HAN_DLI_20261014T1400,Vietjet,VJ 407,HAN,DLI,2026-10-14 14:00,2026-10-14 15:50,2026-10-14,2026-10-05T05:29:00.300395+07:00,2026-10-08T14:29:00.843702+07:00
VJ405_HAN_DLI_20261014T1540,Vietjet,VJ 405,HAN,DLI,2026-10-14 15:40,2026-10-14 17:30,2026-10-14,2026-10-05T05:29:00.300395+07:00,2026-10-08T14:29:00.843702+07:00
VU1283_HAN_DLI_20261014T1720,Vietravel Airlines,VU 1283,HAN,DLI,2026-10-14 17:20,2026-10-14 19:15,2026-10-14,2026-10-05T05:29:00.300395+07:00,2026-10-08T14:29:00.843702+07:00
VJ449_HAN_PQC_20261014T0630,Vietjet,VJ 449,HAN,PQC,2026-10-14 06:30,2026-10-14 08:35,2026-10-14,2026-10-05T05:29:07.066714+07:00,2026-10-08T14:29:12.534030+07:00
9G1207_HAN_PQC_20261014T0715,Sun PhuQuoc Airways,9G 1207,HAN,PQC,2026-10-14 07:15,2026-10-14 09:20,2026-10-14,2026-10-05T05:29:07.066714+07:00,2026-10-08T14:29:12.534030+07:00
9G1209_HAN_PQC_20261014T0810,Sun PhuQuoc Airways,9G 1209,HAN,PQC,2026-10-14 08:10,2026-10-14 10:15,2026-10-14,2026-10-05T05:29:07.066714+07:00,2026-10-08T14:29:12.534030+07:00
VJ447_HAN_PQC_20261014T0845,Vietjet,VJ 447,HAN,PQC,2026-10-14 08:45,2026-10-14 10:50,2026-10-14,2026-10-05T05:29:07.066714+07:00,2026-10-08T14:29:12.534030+07:00
9G1221_HAN_PQC_20261014T1025,Sun PhuQuoc Airways,9G 1221,HAN,PQC,2026-10-14 10:25,2026-10-14 12:30,2026-10-14,2026-10-05T05:29:07.066714+07:00,2026-10-08T14:29:12.534030+07:00
VN1233_HAN_PQC_20261014T1110,Vietnam Airlines,VN 1233,HAN,PQC,2026-10-14 11:10,2026-10-14 13:20,2026-10-14,2026-10-05T05:29:07.066714+07:00,2026-10-08T14:29:12.534030+07:00
VJ451_HAN_PQC_20261014T1145,Vietjet,VJ 451,HAN,PQC,2026-10-14 11:45,2026-10-14 13:55,2026-10-14,2026-10-05T05:29:07.066714+07:00,2026-10-08T14:29:12.534030+07:00
9G1223_HAN_PQC_20261014T1150,Sun PhuQuoc Airways,9G 1223,HAN,PQC,2026-10-14 11:50,2026-10-14 13:55,2026-10-14,2026-10-05T05:29:07.066714+07:00,2026-10-08T14:29:12.534030+07:00
VJ453_HAN_PQC_20261014T1300,Vietjet,VJ 453,HAN,PQC,2026-10-14 13:00,2026-10-14 15:05,2026-10-14,2026-10-05T05:29:07.066714+07:00,2026-10-08T14:29:12.534030+07:00
VJ441_HAN_PQC_20261014T1645,Vietjet,VJ 441,HAN,PQC,2026-10-14 16:45,2026-10-14 18:50,2026-10-14,2026-10-05T05:29:07.066714+07:00,2026-10-08T14:29:12.534030+07:00
VJ455_HAN_PQC_20261014T2005,Vietjet,VJ 455,HAN,PQC,2026-10-14 20:05,2026-10-14 22:10,2026-10-14,2026-10-05T05:29:07.066714+07:00,2026-10-08T14:29:12.534030+07:00
VN205_HAN_SGN_20261014T0500,Vietnam Airlines,VN 205,HAN,SGN,2026-10-14 05:00,2026-10-14 07:10,2026-10-14,2026-10-05T05:28:47.207784+07:00,2026-10-08T14:28:47.227828+07:00
9G803_HAN_SGN_20261014T0515,Sun PhuQuoc Airways,9G 803,HAN,SGN,2026-10-14 05:15,2026-10-14 07:25,2026-10-14,2026-10-05T05:28:47.207784+07:00,2026-10-08T14:28:47.227828+07:00
VJ123_HAN_SGN_20261014T0530,Vietjet,VJ 123,HAN,SGN,2026-10-14 05:30,2026-10-14 07:40,2026-10-14,2026-10-05T05:28:47.207784+07:00,2026-10-08T14:28:47.227828+07:00
9G805_HAN_SGN_20261014T0545,Sun PhuQuoc Airways,9G 805,HAN,SGN,2026-10-14 05:45,2026-10-14 07:55,2026-10-14,2026-10-05T05:28:47.207784+07:00,2026-10-08T14:28:47.227828+07:00
VJ121_HAN_SGN_20261014T0600,Vietjet,VJ 121,HAN,SGN,2026-10-14 06:00,2026-10-14 08:10,2026-10-14,2026-10-05T05:28:47.207784+07:00,2026-10-08T14:28:47.227828+07:00
VN243_HAN_SGN_20261014T0600,Vietnam Airlines,VN 243,HAN,SGN,2026-10-14 06:00,2026-10-14 08:10,2026-10-14,2026-10-05T05:28:47.207784+07:00,2026-10-08T14:28:47.227828+07:00
9G809_HAN_SGN_20261014T0630,Sun PhuQuoc Airways,9G 809,HAN,SGN,2026-10-14 06:30,2026-10-14 08:40,2026-10-14,2026-10-05T05:28:47.207784+07:00,2026-10-08T14:28:47.227828+07:00
VJ125_HAN_SGN_20261014T0700,Vietjet,VJ 125,HAN,SGN,2026-10-14 07:00,2026-10-14 09:10,2026-10-14,2026-10-05T05:28:47.207784+07:00,2026-10-08T14:28:47.227828+07:00
VN207_HAN_SGN_20261014T0700,Vietnam Airlines,VN 207,HAN,SGN,2026-10-14 07:00,2026-10-14 09:10,2026-10-14,2026-10-05T05:28:47.207784+07:00,2026-10-08T14:28:47.227828+07:00
QH203_HAN_SGN_20261014T0705,Bamboo Airways,QH 203,HAN,SGN,2026-10-14 07:05,2026-10-14 09:20,2026-10-14,2026-10-05T05:28:47.207784+07:00,2026-10-08T14:28:47.227828+07:00
9G811_HAN_SGN_20261014T0715,Sun PhuQuoc Airways,9G 811,HAN,SGN,2026-10-14 07:15,2026-10-14 09:25,2026-10-14,2026-10-05T05:28:47.207784+07:00,2026-10-08T14:28:47.227828+07:00
VN245_HAN_SGN_20261014T0800,Vietnam Airlines,VN 245,HAN,SGN,2026-10-14 08:00,2026-10-14 10:10,2026-10-14,2026-10-05T05:28:47.207784+07:00,2026-10-08T14:28:47.227828+07:00
VN239_HAN_SGN_20261014T0800,Vietnam Airlines,VN 239,HAN,SGN,2026-10-14 08:00,2026-10-14 10:15,2026-10-14,2026-10-05T12:38:27.498321+07:00,2026-10-05T12:38:27.498321+07:00
VJ127_HAN_SGN_20261014T0810,Vietjet,VJ 127,HAN,SGN,2026-10-14 08:10,2026-10-14 10:20,2026-10-14,2026-10-05T05:28:47.207784+07:00,2026-10-08T14:28:47.227828+07:00
VU751_HAN_SGN_20261014T0830,Vietravel Airlines,VU 751,HAN,SGN,2026-10-14 08:30,2026-10-14 10:40,2026-10-14,2026-10-05T05:28:47.207784+07:00,2026-10-08T14:28:47.227828+07:00
VJ129_HAN_SGN_20261014T0845,Vietjet,VJ 129,HAN,SGN,2026-10-14 08:45,2026-10-14 10:55,2026-10-14,2026-10-05T05:28:47.207784+07:00,2026-10-08T14:28:47.227828+07:00
VN209_HAN_SGN_20261014T0900,Vietnam Airlines,VN 209,HAN,SGN,2026-10-14 09:00,2026-10-14 11:10,2026-10-14,2026-10-05T05:28:47.207784+07:00,2026-10-08T14:28:47.227828+07:00
9G825_HAN_SGN_20261014T0925,Sun PhuQuoc Airways,9G 825,HAN,SGN,2026-10-14 09:25,2026-10-14 11:35,2026-10-14,2026-10-05T05:28:47.207784+07:00,2026-10-08T14:28:47.227828+07:00
VU775_HAN_SGN_20261014T0950,Vietravel Airlines,VU 775,HAN,SGN,2026-10-14 09:50,2026-10-14 12:00,2026-10-14,2026-10-05T05:28:47.207784+07:00,2026-10-08T14:28:47.227828+07:00
VN247_HAN_SGN_20261014T1000,Vietnam Airlines,VN 247,HAN,SGN,2026-10-14 10:00,2026-10-14 12:10,2026-10-14,2026-10-05T05:28:47.207784+07:00,2026-10-08T14:28:47.227828+07:00
VJ131_HAN_SGN_20261014T1010,Vietjet,VJ 131,HAN,SGN,2026-10-14 10:10,2026-10-14 12:20,2026-10-14,2026-10-05T05:28:47.207784+07:00,2026-10-08T14:28:47.227828+07:00
VN211_HAN_SGN_20261014T1100,Vietnam Airlines,VN 211,HAN,SGN,2026-10-14 11:00,2026-10-14 13:10,2026-10-14,2026-10-05T05:28:47.207784+07:00,2026-10-08T14:28:47.227828+07:00
VJ133_HAN_SGN_20261014T1120,Vietjet,VJ 133,HAN,SGN,2026-10-14 11:20,2026-10-14 13:30,2026-10-14,2026-10-05T05:28:47.207784+07:00,2026-10-08T14:28:47.227828+07:00
VN251_HAN_SGN_20261014T1200,Vietnam Airlines,VN 251,HAN,SGN,2026-10-14 12:00,2026-10-14 14:10,2026-10-14,2026-10-05T05:28:47.207784+07:00,2026-10-08T14:28:47.227828+07:00
VJ137_HAN_SGN_20261014T1220,Vietjet,VJ 137,HAN,SGN,2026-10-14 12:20,2026-10-14 14:30,2026-10-14,2026-10-05T05:28:47.207784+07:00,2026-10-08T14:28:47.227828+07:00
9G841_HAN_SGN_20261014T1225,Sun PhuQuoc Airways,9G 841,HAN,SGN,2026-10-14 12:25,2026-10-14 14:35,2026-10-14,2026-10-05T05:28:47.207784+07:00,2026-10-08T14:28:47.227828+07:00
VN213_HAN_SGN_20261014T1300,Vietnam Airlines,VN 213,HAN,SGN,2026-10-14 13:00,2026-10-14 15:10,2026-10-14,2026-10-05T05:28:47.207784+07:00,2026-10-08T14:28:47.227828+07:00
9G843_HAN_SGN_20261014T1310,Sun PhuQuoc Airways,9G 843,HAN,SGN,2026-10-14 13:10,2026-10-14 15:20,2026-10-14,2026-10-05T05:28:47.207784+07:00,2026-10-08T14:28:47.227828+07:00
VN253_HAN_SGN_20261014T1400,Vietnam Airlines,VN 253,HAN,SGN,2026-10-14 14:00,2026-10-14 16:10,2026-10-14,2026-10-05T05:28:47.207784+07:00,2026-10-08T14:28:47.227828+07:00
VJ143_HAN_SGN_20261014T1405,Vietjet,VJ 143,HAN,SGN,2026-10-14 14:05,2026-10-14 16:15,2026-10-14,2026-10-05T05:28:47.207784+07:00,2026-10-08T14:28:47.227828+07:00
VJ141_HAN_SGN_20261014T1430,Vietjet,VJ 141,HAN,SGN,2026-10-14 14:30,2026-10-14 16:40,2026-10-14,2026-10-05T05:28:47.207784+07:00,2026-10-08T14:28:47.227828+07:00
9G845_HAN_SGN_20261014T1430,Sun PhuQuoc Airways,9G 845,HAN,SGN,2026-10-14 14:30,2026-10-14 16:40,2026-10-14,2026-10-05T05:28:47.207784+07:00,2026-10-08T14:28:47.227828+07:00
VJ145_HAN_SGN_20261014T1440,Vietjet,VJ 145,HAN,SGN,2026-10-14 14:40,2026-10-14 16:50,2026-10-14,2026-10-05T05:28:47.207784+07:00,2026-10-08T14:28:47.227828+07:00
VN215_HAN_SGN_20261014T1500,Vietnam Airlines,VN 215,HAN,SGN,2026-10-14 15:00,2026-10-14 17:10,2026-10-14,2026-10-05T05:28:47.207784+07:00,2026-10-08T14:28:47.227828+07:00
9G855_HAN_SGN_20261014T1530,Sun PhuQuoc Airways,9G 855,HAN,SGN,2026-10-14 15:30,2026-10-14 17:40,2026-10-14,2026-10-05T05:28:47.207784+07:00,2026-10-08T14:28:47.227828+07:00
VJ147_HAN_SGN_20261014T1545,Vietjet,VJ 147,HAN,SGN,2026-10-14 15:45,2026-10-14 17:55,2026-10-14,2026-10-05T05:28:47.207784+07:00,2026-10-08T14:28:47.227828+07:00
VN273_HAN_SGN_20261014T1600,Vietnam Airlines,VN 273,HAN,SGN,2026-10-14 16:00,2026-10-14 18:10,2026-10-14,2026-10-05T05:28:47.207784+07:00,2026-10-08T14:28:47.227828+07:00
VJ151_HAN_SGN_20261014T1700,Vietjet,VJ 151,HAN,SGN,2026-10-14 17:00,2026-10-14 19:10,2026-10-14,2026-10-05T05:28:47.207784+07:00,2026-10-08T14:28:47.227828+07:00
VN217_HAN_SGN_20261014T1700,Vietnam Airlines,VN 217,HAN,SGN,2026-10-14 17:00,2026-10-14 19:10,2026-10-14,2026-10-05T05:28:47.207784+07:00,2026-10-08T14:28:47.227828+07:00
9G863_HAN_SGN_20261014T1715,Sun PhuQuoc Airways,9G 863,HAN,SGN,2026-10-14 17:15,2026-10-14 19:25,2026-10-14,2026-10-05T05:28:47.207784+07:00,2026-10-08T14:28:47.227828+07:00
VN257_HAN_SGN_20261014T1730,Vietnam Airlines,VN 257,HAN,SGN,2026-10-14 17:30,2026-10-14 19:45,2026-10-14,2026-10-05T05:28:47.207784+07:00,2026-10-08T14:28:47.227828+07:00
VJ1125_HAN_SGN_20261014T1800,Vietjet,VJ 1125,HAN,SGN,2026-10-14 18:00,2026-10-14 20:10,2026-10-14,2026-10-05T05:28:47.207784+07:00,2026-10-08T14:28:47.227828+07:00
VN259_HAN_SGN_20261014T1800,Vietnam Airlines,VN 259,HAN,SGN,2026-10-14 18:00,2026-10-14 20:10,2026-10-14,2026-10-05T05:28:47.207784+07:00,2026-10-08T14:28:47.227828+07:00
VJ1157_HAN_SGN_20261014T1805,Vietjet,VJ 1157,HAN,SGN,2026-10-14 18:05,2026-10-14 20:10,2026-10-14,2026-10-05T05:28:47.207784+07:00,2026-10-08T14:28:47.227828+07:00
9G869_HAN_SGN_20261014T1845,Sun PhuQuoc Airways,9G 869,HAN,SGN,2026-10-14 18:45,2026-10-14 20:55,2026-10-14,2026-10-05T05:28:47.207784+07:00,2026-10-08T14:28:47.227828+07:00
VJ155_HAN_SGN_20261014T1855,Vietjet,VJ 155,HAN,SGN,2026-10-14 18:55,2026-10-14 21:05,2026-10-14,2026-10-05T05:28:47.207784+07:00,2026-10-08T14:28:47.227828+07:00
VN219_HAN_SGN_20261014T1900,Vietnam Airlines,VN 219,HAN,SGN,2026-10-14 19:00,2026-10-14 21:10,2026-10-14,2026-10-05T05:28:47.207784+07:00,2026-10-08T14:28:47.227828+07:00
9G871_HAN_SGN_20261014T1915,Sun PhuQuoc Airways,9G 871,HAN,SGN,2026-10-14 19:15,2026-10-14 21:25,2026-10-14,2026-10-05T05:28:47.207784+07:00,2026-10-08T14:28:47.227828+07:00
VJ1127_HAN_SGN_20261014T1920,Vietjet,VJ 1127,HAN,SGN,2026-10-14 19:20,2026-10-14 21:30,2026-10-14,2026-10-05T05:28:47.207784+07:00,2026-10-08T14:28:47.227828+07:00
VN277_HAN_SGN_20261014T1930,Vietnam Airlines,VN 277,HAN,SGN,2026-10-14 19:30,2026-10-14 21:45,2026-10-14,2026-10-05T12:38:27.498321+07:00,2026-10-05T12:38:27.498321+07:00
9G873_HAN_SGN_20261014T1955,Sun PhuQuoc Airways,9G 873,HAN,SGN,2026-10-14 19:55,2026-10-14 22:05,2026-10-14,2026-10-05T05:28:47.207784+07:00,2026-10-08T14:28:47.227828+07:00
VU787_HAN_SGN_20261014T2000,Vietravel Airlines,VU 787,HAN,SGN,2026-10-14 20:00,2026-10-14 22:10,2026-10-14,2026-10-05T05:28:47.207784+07:00,2026-10-08T14:28:47.227828+07:00
VN263_HAN_SGN_20261014T2000,Vietnam Airlines,VN 263,HAN,SGN,2026-10-14 20:00,2026-10-14 22:10,2026-10-14,2026-10-05T05:28:47.207784+07:00,2026-10-08T14:28:47.227828+07:00
VJ159_HAN_SGN_20261014T2010,Vietjet,VJ 159,HAN,SGN,2026-10-14 20:10,2026-10-14 22:20,2026-10-14,2026-10-05T05:28:47.207784+07:00,2026-10-08T14:28:47.227828+07:00
VN265_HAN_SGN_20261014T2030,Vietnam Airlines,VN 265,HAN,SGN,2026-10-14 20:30,2026-10-14 22:45,2026-10-14,2026-10-05T05:28:47.207784+07:00,2026-10-08T14:28:47.227828+07:00
VJ161_HAN_SGN_20261014T2055,Vietjet,VJ 161,HAN,SGN,2026-10-14 20:55,2026-10-14 23:05,2026-10-14,2026-10-05T05:28:47.207784+07:00,2026-10-08T14:28:47.227828+07:00
VN221_HAN_SGN_20261014T2100,Vietnam Airlines,VN 221,HAN,SGN,2026-10-14 21:00,2026-10-14 23:10,2026-10-14,2026-10-05T05:28:47.207784+07:00,2026-10-08T14:28:47.227828+07:00
9G881_HAN_SGN_20261014T2105,Sun PhuQuoc Airways,9G 881,HAN,SGN,2026-10-14 21:05,2026-10-14 23:15,2026-10-14,2026-10-05T05:28:47.207784+07:00,2026-10-08T14:28:47.227828+07:00
VJ163_HAN_SGN_20261014T2125,Vietjet,VJ 163,HAN,SGN,2026-10-14 21:25,2026-10-14 23:35,2026-10-14,2026-10-05T05:28:47.207784+07:00,2026-10-08T14:28:47.227828+07:00
VU779_HAN_SGN_20261014T2155,Vietravel Airlines,VU 779,HAN,SGN,2026-10-14 21:55,2026-10-15 00:05,2026-10-14,2026-10-05T05:28:47.207784+07:00,2026-10-08T14:28:47.227828+07:00
9G883_HAN_SGN_20261014T2155,Sun PhuQuoc Airways,9G 883,HAN,SGN,2026-10-14 21:55,2026-10-15 00:05,2026-10-14,2026-10-05T05:28:47.207784+07:00,2026-10-08T14:28:47.227828+07:00
VN267_HAN_SGN_20261014T2200,Vietnam Airlines,VN 267,HAN,SGN,2026-10-14 22:00,2026-10-15 00:10,2026-10-14,2026-10-05T05:28:47.207784+07:00,2026-10-08T14:28:47.227828+07:00
VN261_HAN_SGN_20261014T2230,Vietnam Airlines,VN 261,HAN,SGN,2026-10-14 22:30,2026-10-15 00:40,2026-10-14,2026-10-05T12:38:27.498321+07:00,2026-10-05T12:38:27.498321+07:00
VJ167_HAN_SGN_20261014T2245,Vietjet,VJ 167,HAN,SGN,2026-10-14 22:45,2026-10-15 00:55,2026-10-14,2026-10-05T05:28:47.207784+07:00,2026-10-08T14:28:47.227828+07:00
VN6025_HAN_SGN_20261014T2255,Vietnam Airlines,VN 6025,HAN,SGN,2026-10-14 22:55,2026-10-15 01:10,2026-10-14,2026-10-05T05:28:47.207784+07:00,2026-10-08T14:28:47.227828+07:00
VJ169_HAN_SGN_20261014T2325,Vietjet,VJ 169,HAN,SGN,2026-10-14 23:25,2026-10-15 01:35,2026-10-14,2026-10-05T05:28:47.207784+07:00,2026-10-08T14:28:47.227828+07:00
VN106_SGN_DAD_20261014T0545,Vietnam Airlines,VN 106,SGN,DAD,2026-10-14 05:45,2026-10-14 07:05,2026-10-14,2026-10-05T05:28:50.398870+07:00,2026-10-08T14:28:49.660185+07:00
VN110_SGN_DAD_20261014T0645,Vietnam Airlines,VN 110,SGN,DAD,2026-10-14 06:45,2026-10-14 08:05,2026-10-14,2026-10-05T05:28:50.398870+07:00,2026-10-08T14:28:49.660185+07:00
9G956_SGN_DAD_20261014T0705,Sun PhuQuoc Airways,9G 956,SGN,DAD,2026-10-14 07:05,2026-10-14 08:30,2026-10-14,2026-10-05T05:28:50.398870+07:00,2026-10-08T14:28:49.660185+07:00
VJ632_SGN_DAD_20261014T0730,Vietjet,VJ 632,SGN,DAD,2026-10-14 07:30,2026-10-14 08:50,2026-10-14,2026-10-05T05:28:50.398870+07:00,2026-10-08T14:28:49.660185+07:00
VN112_SGN_DAD_20261014T0800,Vietnam Airlines,VN 112,SGN,DAD,2026-10-14 08:00,2026-10-14 09:20,2026-10-14,2026-10-05T05:28:50.398870+07:00,2026-10-08T14:28:49.660185+07:00
VU672_SGN_DAD_20261014T0850,Vietravel Airlines,VU 672,SGN,DAD,2026-10-14 08:50,2026-10-14 10:15,2026-10-14,2026-10-05T05:28:50.398870+07:00,2026-10-08T14:28:49.660185+07:00
VJ630_SGN_DAD_20261014T0900,Vietjet,VJ 630,SGN,DAD,2026-10-14 09:00,2026-10-14 10:20,2026-10-14,2026-10-05T05:28:50.398870+07:00,2026-10-08T14:28:49.660185+07:00
VN118_SGN_DAD_20261014T0905,Vietnam Airlines,VN 118,SGN,DAD,2026-10-14 09:05,2026-10-14 10:25,2026-10-14,2026-10-05T05:28:50.398870+07:00,2026-10-08T14:28:49.660185+07:00
VN122_SGN_DAD_20261014T1000,Vietnam Airlines,VN 122,SGN,DAD,2026-10-14 10:00,2026-10-14 11:20,2026-10-14,2026-10-05T05:28:50.398870+07:00,2026-10-08T14:28:49.660185+07:00
QH154_SGN_DAD_20261014T1005,Bamboo Airways,QH 154,SGN,DAD,2026-10-14 10:05,2026-10-14 11:30,2026-10-14,2026-10-05T05:28:50.398870+07:00,2026-10-08T14:28:49.660185+07:00
VJ634_SGN_DAD_20261014T1045,Vietjet,VJ 634,SGN,DAD,2026-10-14 10:45,2026-10-14 12:05,2026-10-14,2026-10-05T05:28:50.398870+07:00,2026-10-08T14:28:49.660185+07:00
VN126_SGN_DAD_20261014T1100,Vietnam Airlines,VN 126,SGN,DAD,2026-10-14 11:00,2026-10-14 12:20,2026-10-14,2026-10-05T05:28:50.398870+07:00,2026-10-08T14:28:49.660185+07:00
VN6036_SGN_DAD_20261014T1145,Vietnam Airlines,VN 6036,SGN,DAD,2026-10-14 11:45,2026-10-14 13:15,2026-10-14,2026-10-05T05:28:50.398870+07:00,2026-10-08T14:28:49.660185+07:00
VJ636_SGN_DAD_20261014T1300,Vietjet,VJ 636,SGN,DAD,2026-10-14 13:00,2026-10-14 14:20,2026-10-14,2026-10-05T05:28:50.398870+07:00,2026-10-08T14:28:49.660185+07:00
VU678_SGN_DAD_20261014T1320,Vietravel Airlines,VU 678,SGN,DAD,2026-10-14 13:20,2026-10-14 14:45,2026-10-14,2026-10-05T05:28:50.398870+07:00,2026-10-08T14:28:49.660185+07:00
VN132_SGN_DAD_20261014T1325,Vietnam Airlines,VN 132,SGN,DAD,2026-10-14 13:25,2026-10-14 14:45,2026-10-14,2026-10-05T05:28:50.398870+07:00,2026-10-08T14:28:49.660185+07:00
VJ638_SGN_DAD_20261014T1330,Vietjet,VJ 638,SGN,DAD,2026-10-14 13:30,2026-10-14 14:50,2026-10-14,2026-10-05T05:28:50.398870+07:00,2026-10-08T14:28:49.660185+07:00
VJ640_SGN_DAD_20261014T1510,Vietjet,VJ 640,SGN,DAD,2026-10-14 15:10,2026-10-14 16:30,2026-10-14,2026-10-05T05:28:50.398870+07:00,2026-10-08T14:28:49.660185+07:00
VN134_SGN_DAD_20261014T1530,Vietnam Airlines,VN 134,SGN,DAD,2026-10-14 15:30,2026-10-14 16:50,2026-10-14,2026-10-05T05:28:50.398870+07:00,2026-10-08T14:28:49.660185+07:00
VN136_SGN_DAD_20261014T1600,Vietnam Airlines,VN 136,SGN,DAD,2026-10-14 16:00,2026-10-14 17:20,2026-10-14,2026-10-05T05:28:50.398870+07:00,2026-10-08T14:28:49.660185+07:00
VN140_SGN_DAD_20261014T1645,Vietnam Airlines,VN 140,SGN,DAD,2026-10-14 16:45,2026-10-14 18:05,2026-10-14,2026-10-05T05:28:50.398870+07:00,2026-10-08T14:28:49.660185+07:00
9G978_SGN_DAD_20261014T1730,Sun PhuQuoc Airways,9G 978,SGN,DAD,2026-10-14 17:30,2026-10-14 18:55,2026-10-14,2026-10-05T05:28:50.398870+07:00,2026-10-08T14:28:49.660185+07:00
VU684_SGN_DAD_20261014T1820,Vietravel Airlines,VU 684,SGN,DAD,2026-10-14 18:20,2026-10-14 19:45,2026-10-14,2026-10-05T05:28:50.398870+07:00,2026-10-07T14:28:46.850962+07:00
VJ642_SGN_DAD_20261014T1830,Vietjet,VJ 642,SGN,DAD,2026-10-14 18:30,2026-10-14 19:50,2026-10-14,2026-10-05T05:28:50.398870+07:00,2026-10-08T14:28:49.660185+07:00
VN142_SGN_DAD_20261014T1855,Vietnam Airlines,VN 142,SGN,DAD,2026-10-14 18:55,2026-10-14 20:30,2026-10-14,2026-10-05T05:28:50.398870+07:00,2026-10-08T14:28:49.660185+07:00
9G984_SGN_DAD_20261014T1900,Sun PhuQuoc Airways,9G 984,SGN,DAD,2026-10-14 19:00,2026-10-14 20:25,2026-10-14,2026-10-05T05:28:50.398870+07:00,2026-10-08T14:28:49.660185+07:00
VJ644_SGN_DAD_20261014T1920,Vietjet,VJ 644,SGN,DAD,2026-10-14 19:20,2026-10-14 20:40,2026-10-14,2026-10-05T05:28:50.398870+07:00,2026-10-08T14:28:49.660185+07:00
VN146_SGN_DAD_20261014T1935,Vietnam Airlines,VN 146,SGN,DAD,2026-10-14 19:35,2026-10-14 21:00,2026-10-14,2026-10-05T05:28:50.398870+07:00,2026-10-08T14:28:49.660185+07:00
9G988_SGN_DAD_20261014T2005,Sun PhuQuoc Airways,9G 988,SGN,DAD,2026-10-14 20:05,2026-10-14 21:30,2026-10-14,2026-10-05T05:28:50.398870+07:00,2026-10-08T14:28:49.660185+07:00
VJ652_SGN_DAD_20261014T2110,Vietjet,VJ 652,SGN,DAD,2026-10-14 21:10,2026-10-14 22:30,2026-10-14,2026-10-05T05:28:50.398870+07:00,2026-10-08T14:28:49.660185+07:00
VN1380_SGN_DLI_20261014T0550,Vietnam Airlines,VN 1380,SGN,DLI,2026-10-14 05:50,2026-10-14 06:45,2026-10-14,2026-10-05T05:28:55.697049+07:00,2026-10-08T14:28:56.435118+07:00
VN6170_SGN_DLI_20261014T0700,Vietnam Airlines,VN 6170,SGN,DLI,2026-10-14 07:00,2026-10-14 07:55,2026-10-14,2026-10-05T05:28:55.697049+07:00,2026-10-08T14:28:56.435118+07:00
VN1382_SGN_DLI_20261014T1020,Vietnam Airlines,VN 1382,SGN,DLI,2026-10-14 10:20,2026-10-14 11:15,2026-10-14,2026-10-05T05:28:55.697049+07:00,2026-10-08T14:28:56.435118+07:00
VN7388_SGN_DLI_20261014T1405,Vietnam Airlines,VN 7388,SGN,DLI,2026-10-14 14:05,2026-10-14 15:00,2026-10-14,2026-10-05T05:28:55.697049+07:00,2026-10-08T14:28:56.435118+07:00
VJ362_SGN_DLI_20261014T1435,Vietjet,VJ 362,SGN,DLI,2026-10-14 14:35,2026-10-14 15:30,2026-10-14,2026-10-05T05:28:55.697049+07:00,2026-10-08T14:28:56.435118+07:00
VN1386_SGN_DLI_20261014T1730,Vietnam Airlines,VN 1386,SGN,DLI,2026-10-14 17:30,2026-10-14 18:25,2026-10-14,2026-10-05T05:28:55.697049+07:00,2026-10-08T14:28:56.435118+07:00
VJ120_SGN_HAN_20261014T0500,Vietjet,VJ 120,SGN,HAN,2026-10-14 05:00,2026-10-14 07:10,2026-10-14,2026-10-04T16:16:49.734617+07:00,2026-10-08T14:28:42.322218+07:00
VN6002_SGN_HAN_20261014T0500,Vietnam Airlines,VN 6002,SGN,HAN,2026-10-14 05:00,2026-10-14 07:10,2026-10-14,2026-10-04T16:16:49.734617+07:00,2026-10-08T14:28:42.322218+07:00
9G802_SGN_HAN_20261014T0515,Sun PhuQuoc Airways,9G 802,SGN,HAN,2026-10-14 05:15,2026-10-14 07:25,2026-10-14,2026-10-04T16:16:49.734617+07:00,2026-10-08T14:28:42.322218+07:00
VU750_SGN_HAN_20261014T0535,Vietravel Airlines,VU 750,SGN,HAN,2026-10-14 05:35,2026-10-14 07:45,2026-10-14,2026-10-04T16:16:49.734617+07:00,2026-10-08T14:28:42.322218+07:00
9G804_SGN_HAN_20261014T0545,Sun PhuQuoc Airways,9G 804,SGN,HAN,2026-10-14 05:45,2026-10-14 07:55,2026-10-14,2026-10-04T16:16:49.734617+07:00,2026-10-08T14:28:42.322218+07:00
VN206_SGN_HAN_20261014T0600,Vietnam Airlines,VN 206,SGN,HAN,2026-10-14 06:00,2026-10-14 08:10,2026-10-14,2026-10-04T16:16:49.734617+07:00,2026-10-08T14:28:42.322218+07:00
VJ124_SGN_HAN_20261014T0605,Vietjet,VJ 124,SGN,HAN,2026-10-14 06:05,2026-10-14 08:15,2026-10-14,2026-10-04T16:16:49.734617+07:00,2026-10-08T14:28:42.322218+07:00
VN7204_SGN_HAN_20261014T0625,Vietnam Airlines,VN 7204,SGN,HAN,2026-10-14 06:25,2026-10-14 08:35,2026-10-14,2026-10-04T16:16:49.734617+07:00,2026-10-08T14:28:42.322218+07:00
9G808_SGN_HAN_20261014T0630,Sun PhuQuoc Airways,9G 808,SGN,HAN,2026-10-14 06:30,2026-10-14 08:40,2026-10-14,2026-10-04T16:16:49.734617+07:00,2026-10-08T14:28:42.322218+07:00
VJ122_SGN_HAN_20261014T0655,Vietjet,VJ 122,SGN,HAN,2026-10-14 06:55,2026-10-14 09:05,2026-10-14,2026-10-04T16:16:49.734617+07:00,2026-10-08T14:28:42.322218+07:00
VU774_SGN_HAN_20261014T0700,Vietravel Airlines,VU 774,SGN,HAN,2026-10-14 07:00,2026-10-14 09:10,2026-10-14,2026-10-04T16:16:49.734617+07:00,2026-10-08T14:28:42.322218+07:00
VN240_SGN_HAN_20261014T0700,Vietnam Airlines,VN 240,SGN,HAN,2026-10-14 07:00,2026-10-14 09:10,2026-10-14,2026-10-04T16:16:49.734617+07:00,2026-10-08T14:28:42.322218+07:00
9G810_SGN_HAN_20261014T0705,Sun PhuQuoc Airways,9G 810,SGN,HAN,2026-10-14 07:05,2026-10-14 09:15,2026-10-14,2026-10-04T16:16:49.734617+07:00,2026-10-08T14:28:42.322218+07:00
VJ126_SGN_HAN_20261014T0730,Vietjet,VJ 126,SGN,HAN,2026-10-14 07:30,2026-10-14 09:40,2026-10-14,2026-10-04T16:16:49.734617+07:00,2026-10-08T14:28:42.322218+07:00
VN208_SGN_HAN_20261014T0800,Vietnam Airlines,VN 208,SGN,HAN,2026-10-14 08:00,2026-10-14 10:10,2026-10-14,2026-10-04T16:16:49.734617+07:00,2026-10-08T14:28:42.322218+07:00
VJ130_SGN_HAN_20261014T0840,Vietjet,VJ 130,SGN,HAN,2026-10-14 08:40,2026-10-14 10:50,2026-10-14,2026-10-04T16:16:49.734617+07:00,2026-10-08T14:28:42.322218+07:00
9G820_SGN_HAN_20261014T0845,Sun PhuQuoc Airways,9G 820,SGN,HAN,2026-10-14 08:45,2026-10-14 10:55,2026-10-14,2026-10-04T16:16:49.734617+07:00,2026-10-08T14:28:42.322218+07:00
VN244_SGN_HAN_20261014T0900,Vietnam Airlines,VN 244,SGN,HAN,2026-10-14 09:00,2026-10-14 11:10,2026-10-14,2026-10-04T16:16:49.734617+07:00,2026-10-08T14:28:42.322218+07:00
9G824_SGN_HAN_20261014T0925,Sun PhuQuoc Airways,9G 824,SGN,HAN,2026-10-14 09:25,2026-10-14 11:35,2026-10-14,2026-10-04T16:16:49.734617+07:00,2026-10-08T14:28:42.322218+07:00
VJ128_SGN_HAN_20261014T0940,Vietjet,VJ 128,SGN,HAN,2026-10-14 09:40,2026-10-14 11:50,2026-10-14,2026-10-04T16:16:49.734617+07:00,2026-10-08T14:28:42.322218+07:00
VN210_SGN_HAN_20261014T1000,Vietnam Airlines,VN 210,SGN,HAN,2026-10-14 10:00,2026-10-14 12:10,2026-10-14,2026-10-04T16:16:49.734617+07:00,2026-10-08T14:28:42.322218+07:00
9G832_SGN_HAN_20261014T1100,Sun PhuQuoc Airways,9G 832,SGN,HAN,2026-10-14 11:00,2026-10-14 13:10,2026-10-14,2026-10-04T16:16:49.734617+07:00,2026-10-08T14:28:42.322218+07:00
VN246_SGN_HAN_20261014T1100,Vietnam Airlines,VN 246,SGN,HAN,2026-10-14 11:00,2026-10-14 13:10,2026-10-14,2026-10-04T16:16:49.734617+07:00,2026-10-08T14:28:42.322218+07:00
VJ134_SGN_HAN_20261014T1120,Vietjet,VJ 134,SGN,HAN,2026-10-14 11:20,2026-10-14 13:30,2026-10-14,2026-10-04T16:16:49.734617+07:00,2026-10-08T14:28:42.322218+07:00
VJ136_SGN_HAN_20261014T1200,Vietjet,VJ 136,SGN,HAN,2026-10-14 12:00,2026-10-14 14:10,2026-10-14,2026-10-04T16:16:49.734617+07:00,2026-10-08T14:28:42.322218+07:00
VN212_SGN_HAN_20261014T1200,Vietnam Airlines,VN 212,SGN,HAN,2026-10-14 12:00,2026-10-14 14:10,2026-10-14,2026-10-04T16:16:49.734617+07:00,2026-10-08T14:28:42.322218+07:00
VN236_SGN_HAN_20261014T1200,Vietnam Airlines,VN 236,SGN,HAN,2026-10-14 12:00,2026-10-14 14:10,2026-10-14,2026-10-05T17:28:43.340264+07:00,2026-10-05T18:42:58.965642+07:00
9G840_SGN_HAN_20261014T1225,Sun PhuQuoc Airways,9G 840,SGN,HAN,2026-10-14 12:25,2026-10-14 14:35,2026-10-14,2026-10-04T16:16:49.734617+07:00,2026-10-08T14:28:42.322218+07:00
VU778_SGN_HAN_20261014T1240,Vietravel Airlines,VU 778,SGN,HAN,2026-10-14 12:40,2026-10-14 14:50,2026-10-14,2026-10-04T16:16:49.734617+07:00,2026-10-08T14:28:42.322218+07:00
VN248_SGN_HAN_20261014T1300,Vietnam Airlines,VN 248,SGN,HAN,2026-10-14 13:00,2026-10-14 15:10,2026-10-14,2026-10-04T16:16:49.734617+07:00,2026-10-08T14:28:42.322218+07:00
VJ138_SGN_HAN_20261014T1305,Vietjet,VJ 138,SGN,HAN,2026-10-14 13:05,2026-10-14 15:15,2026-10-14,2026-10-04T16:16:49.734617+07:00,2026-10-08T14:28:42.322218+07:00
VN214_SGN_HAN_20261014T1400,Vietnam Airlines,VN 214,SGN,HAN,2026-10-14 14:00,2026-10-14 16:10,2026-10-14,2026-10-04T16:16:49.734617+07:00,2026-10-08T14:28:42.322218+07:00
VN242_SGN_HAN_20261014T1400,Vietnam Airlines,VN 242,SGN,HAN,2026-10-14 14:00,2026-10-14 16:10,2026-10-14,2026-10-05T17:28:43.340264+07:00,2026-10-05T18:42:58.965642+07:00
9G846_SGN_HAN_20261014T1410,Sun PhuQuoc Airways,9G 846,SGN,HAN,2026-10-14 14:10,2026-10-14 16:20,2026-10-14,2026-10-04T16:16:49.734617+07:00,2026-10-08T14:28:42.322218+07:00
VJ140_SGN_HAN_20261014T1420,Vietjet,VJ 140,SGN,HAN,2026-10-14 14:20,2026-10-14 16:30,2026-10-14,2026-10-04T16:16:49.734617+07:00,2026-10-08T14:28:42.322218+07:00
VN250_SGN_HAN_20261014T1500,Vietnam Airlines,VN 250,SGN,HAN,2026-10-14 15:00,2026-10-14 17:10,2026-10-14,2026-10-04T16:16:49.734617+07:00,2026-10-08T14:28:42.322218+07:00
9G854_SGN_HAN_20261014T1530,Sun PhuQuoc Airways,9G 854,SGN,HAN,2026-10-14 15:30,2026-10-14 17:40,2026-10-14,2026-10-04T16:16:49.734617+07:00,2026-10-08T14:28:42.322218+07:00
VJ144_SGN_HAN_20261014T1555,Vietjet,VJ 144,SGN,HAN,2026-10-14 15:55,2026-10-14 18:05,2026-10-14,2026-10-04T16:16:49.734617+07:00,2026-10-08T14:28:42.322218+07:00
VN216_SGN_HAN_20261014T1600,Vietnam Airlines,VN 216,SGN,HAN,2026-10-14 16:00,2026-10-14 18:10,2026-10-14,2026-10-04T16:16:49.734617+07:00,2026-10-08T14:28:42.322218+07:00
VJ148_SGN_HAN_20261014T1615,Vietjet,VJ 148,SGN,HAN,2026-10-14 16:15,2026-10-14 18:25,2026-10-14,2026-10-04T16:16:49.734617+07:00,2026-10-08T14:28:42.322218+07:00
VN252_SGN_HAN_20261014T1640,Vietnam Airlines,VN 252,SGN,HAN,2026-10-14 16:40,2026-10-14 18:50,2026-10-14,2026-10-04T16:16:49.734617+07:00,2026-10-08T14:28:42.322218+07:00
VJ146_SGN_HAN_20261014T1645,Vietjet,VJ 146,SGN,HAN,2026-10-14 16:45,2026-10-14 18:55,2026-10-14,2026-10-04T16:16:49.734617+07:00,2026-10-08T14:28:42.322218+07:00
VN254_SGN_HAN_20261014T1700,Vietnam Airlines,VN 254,SGN,HAN,2026-10-14 17:00,2026-10-14 19:10,2026-10-14,2026-10-04T16:16:49.734617+07:00,2026-10-08T14:28:42.322218+07:00
VU780_SGN_HAN_20261014T1710,Vietravel Airlines,VU 780,SGN,HAN,2026-10-14 17:10,2026-10-14 19:20,2026-10-14,2026-10-04T16:16:49.734617+07:00,2026-10-08T14:28:42.322218+07:00
VJ152_SGN_HAN_20261014T1710,Vietjet,VJ 152,SGN,HAN,2026-10-14 17:10,2026-10-14 19:20,2026-10-14,2026-10-04T16:16:49.734617+07:00,2026-10-08T14:28:42.322218+07:00
VJ150_SGN_HAN_20261014T1740,Vietjet,VJ 150,SGN,HAN,2026-10-14 17:40,2026-10-14 19:50,2026-10-14,2026-10-04T16:16:49.734617+07:00,2026-10-08T14:28:42.322218+07:00
9G860_SGN_HAN_20261014T1800,Sun PhuQuoc Airways,9G 860,SGN,HAN,2026-10-14 18:00,2026-10-14 20:10,2026-10-14,2026-10-04T16:16:49.734617+07:00,2026-10-08T14:28:42.322218+07:00
VN218_SGN_HAN_20261014T1800,Vietnam Airlines,VN 218,SGN,HAN,2026-10-14 18:00,2026-10-14 20:10,2026-10-14,2026-10-04T16:16:49.734617+07:00,2026-10-08T14:28:42.322218+07:00
9G868_SGN_HAN_20261014T1845,Sun PhuQuoc Airways,9G 868,SGN,HAN,2026-10-14 18:45,2026-10-14 20:55,2026-10-14,2026-10-04T16:16:49.734617+07:00,2026-10-08T14:28:42.322218+07:00
VJ154_SGN_HAN_20261014T1845,Vietjet,VJ 154,SGN,HAN,2026-10-14 18:45,2026-10-14 20:55,2026-10-14,2026-10-04T16:16:49.734617+07:00,2026-10-08T14:28:42.322218+07:00
VN258_SGN_HAN_20261014T1900,Vietnam Airlines,VN 258,SGN,HAN,2026-10-14 19:00,2026-10-14 21:10,2026-10-14,2026-10-04T16:16:49.734617+07:00,2026-10-08T14:28:42.322218+07:00
VN220_SGN_HAN_20261014T2000,Vietnam Airlines,VN 220,SGN,HAN,2026-10-14 20:00,2026-10-14 22:10,2026-10-14,2026-10-04T16:16:49.734617+07:00,2026-10-08T14:28:42.322218+07:00
VJ160_SGN_HAN_20261014T2030,Vietjet,VJ 160,SGN,HAN,2026-10-14 20:30,2026-10-14 22:40,2026-10-14,2026-10-04T16:16:49.734617+07:00,2026-10-08T14:28:42.322218+07:00
VN256_SGN_HAN_20261014T2030,Vietnam Airlines,VN 256,SGN,HAN,2026-10-14 20:30,2026-10-14 22:40,2026-10-14,2026-10-04T16:16:49.734617+07:00,2026-10-08T14:28:42.322218+07:00
VJ1156_SGN_HAN_20261014T2040,Vietjet,VJ 1156,SGN,HAN,2026-10-14 20:40,2026-10-14 22:55,2026-10-14,2026-10-04T16:16:49.734617+07:00,2026-10-08T14:28:42.322218+07:00
QH268_SGN_HAN_20261014T2055,Bamboo Airways,QH 268,SGN,HAN,2026-10-14 20:55,2026-10-14 23:05,2026-10-14,2026-10-04T16:16:49.734617+07:00,2026-10-08T14:28:42.322218+07:00
VN260_SGN_HAN_20261014T2100,Vietnam Airlines,VN 260,SGN,HAN,2026-10-14 21:00,2026-10-14 23:10,2026-10-14,2026-10-04T16:16:49.734617+07:00,2026-10-08T14:28:42.322218+07:00
VN278_SGN_HAN_20261014T2100,Vietnam Airlines,VN 278,SGN,HAN,2026-10-14 21:00,2026-10-14 23:10,2026-10-14,2026-10-05T17:28:43.340264+07:00,2026-10-05T18:42:58.965642+07:00
9G882_SGN_HAN_20261014T2155,Sun PhuQuoc Airways,9G 882,SGN,HAN,2026-10-14 21:55,2026-10-15 00:05,2026-10-14,2026-10-04T16:16:49.734617+07:00,2026-10-08T14:28:42.322218+07:00
VN224_SGN_HAN_20261014T2200,Vietnam Airlines,VN 224,SGN,HAN,2026-10-14 22:00,2026-10-15 00:10,2026-10-14,2026-10-04T16:16:49.734617+07:00,2026-10-08T14:28:42.322218+07:00
VN282_SGN_HAN_20261014T2200,Vietnam Airlines,VN 282,SGN,HAN,2026-10-14 22:00,2026-10-15 00:10,2026-10-14,2026-10-05T17:28:43.340264+07:00,2026-10-05T18:42:58.965642+07:00
VJ1128_SGN_HAN_20261014T2215,Vietjet,VJ 1128,SGN,HAN,2026-10-14 22:15,2026-10-15 00:25,2026-10-14,2026-10-04T16:16:49.734617+07:00,2026-10-08T14:28:42.322218+07:00
VN284_SGN_HAN_20261014T2230,Vietnam Airlines,VN 284,SGN,HAN,2026-10-14 22:30,2026-10-15 00:40,2026-10-14,2026-10-05T17:28:43.340264+07:00,2026-10-05T18:42:58.965642+07:00
VJ162_SGN_HAN_20261014T2240,Vietjet,VJ 162,SGN,HAN,2026-10-14 22:40,2026-10-15 00:50,2026-10-14,2026-10-04T16:16:49.734617+07:00,2026-10-08T14:28:42.322218+07:00
9G886_SGN_HAN_20261014T2250,Sun PhuQuoc Airways,9G 886,SGN,HAN,2026-10-14 22:50,2026-10-15 01:00,2026-10-14,2026-10-04T16:16:49.734617+07:00,2026-10-08T14:28:42.322218+07:00
VN270_SGN_HAN_20261014T2300,Vietnam Airlines,VN 270,SGN,HAN,2026-10-14 23:00,2026-10-15 01:10,2026-10-14,2026-10-04T16:16:49.734617+07:00,2026-10-08T14:28:42.322218+07:00
VJ168_SGN_HAN_20261014T2300,Vietjet,VJ 168,SGN,HAN,2026-10-14 23:00,2026-10-15 01:10,2026-10-14,2026-10-04T16:16:49.734617+07:00,2026-10-08T14:28:42.322218+07:00
9G1955_SGN_PQC_20261014T0705,Sun PhuQuoc Airways,9G 1955,SGN,PQC,2026-10-14 07:05,2026-10-14 08:05,2026-10-14,2026-10-05T05:29:02.759214+07:00,2026-10-08T14:29:03.331132+07:00
VJ339_SGN_PQC_20261014T0750,Vietjet,VJ 339,SGN,PQC,2026-10-14 07:50,2026-10-14 08:50,2026-10-14,2026-10-05T05:29:02.759214+07:00,2026-10-08T14:29:03.331132+07:00
VN1823_SGN_PQC_20261014T0805,Vietnam Airlines,VN 1823,SGN,PQC,2026-10-14 08:05,2026-10-14 09:00,2026-10-14,2026-10-05T05:29:02.759214+07:00,2026-10-08T14:29:03.331132+07:00
VJ321_SGN_PQC_20261014T0850,Vietjet,VJ 321,SGN,PQC,2026-10-14 08:50,2026-10-14 09:55,2026-10-14,2026-10-05T05:29:02.759214+07:00,2026-10-08T14:29:03.331132+07:00
VJ337_SGN_PQC_20261014T0910,Vietjet,VJ 337,SGN,PQC,2026-10-14 09:10,2026-10-14 10:10,2026-10-14,2026-10-05T05:29:02.759214+07:00,2026-10-08T14:29:03.331132+07:00
9G1963_SGN_PQC_20261014T0940,Sun PhuQuoc Airways,9G 1963,SGN,PQC,2026-10-14 09:40,2026-10-14 10:40,2026-10-14,2026-10-05T05:29:02.759214+07:00,2026-10-08T14:29:03.331132+07:00
VN1825_SGN_PQC_20261014T1025,Vietnam Airlines,VN 1825,SGN,PQC,2026-10-14 10:25,2026-10-14 11:25,2026-10-14,2026-10-05T05:29:02.759214+07:00,2026-10-08T14:29:03.331132+07:00
9G1965_SGN_PQC_20261014T1035,Sun PhuQuoc Airways,9G 1965,SGN,PQC,2026-10-14 10:35,2026-10-14 11:35,2026-10-14,2026-10-05T05:29:02.759214+07:00,2026-10-08T14:29:03.331132+07:00
VJ335_SGN_PQC_20261014T1120,Vietjet,VJ 335,SGN,PQC,2026-10-14 11:20,2026-10-14 12:20,2026-10-14,2026-10-05T05:29:02.759214+07:00,2026-10-08T14:29:03.331132+07:00
VJ1327_SGN_PQC_20261014T1135,Vietjet,VJ 1327,SGN,PQC,2026-10-14 11:35,2026-10-14 12:40,2026-10-14,2026-10-05T05:29:02.759214+07:00,2026-10-08T14:29:03.331132+07:00
9G1969_SGN_PQC_20261014T1135,Sun PhuQuoc Airways,9G 1969,SGN,PQC,2026-10-14 11:35,2026-10-14 12:35,2026-10-14,2026-10-05T05:29:02.759214+07:00,2026-10-08T14:29:03.331132+07:00
VJ1329_SGN_PQC_20261014T1200,Vietjet,VJ 1329,SGN,PQC,2026-10-14 12:00,2026-10-14 13:00,2026-10-14,2026-10-05T05:29:02.759214+07:00,2026-10-08T14:29:03.331132+07:00
VN1827_SGN_PQC_20261014T1305,Vietnam Airlines,VN 1827,SGN,PQC,2026-10-14 13:05,2026-10-14 14:00,2026-10-14,2026-10-05T05:29:02.759214+07:00,2026-10-08T14:29:03.331132+07:00
VJ1321_SGN_PQC_20261014T1345,Vietjet,VJ 1321,SGN,PQC,2026-10-14 13:45,2026-10-14 14:50,2026-10-14,2026-10-05T05:29:02.759214+07:00,2026-10-08T14:29:03.331132+07:00
VJ325_SGN_PQC_20261014T1425,Vietjet,VJ 325,SGN,PQC,2026-10-14 14:25,2026-10-14 15:35,2026-10-14,2026-10-05T05:29:02.759214+07:00,2026-10-08T14:29:03.331132+07:00
VJ327_SGN_PQC_20261014T1450,Vietjet,VJ 327,SGN,PQC,2026-10-14 14:50,2026-10-14 15:50,2026-10-14,2026-10-05T05:29:02.759214+07:00,2026-10-08T14:29:03.331132+07:00
VN1829_SGN_PQC_20261014T1530,Vietnam Airlines,VN 1829,SGN,PQC,2026-10-14 15:30,2026-10-14 16:30,2026-10-14,2026-10-05T05:29:02.759214+07:00,2026-10-08T14:29:03.331132+07:00
9G1985_SGN_PQC_20261014T1820,Sun PhuQuoc Airways,9G 1985,SGN,PQC,2026-10-14 18:20,2026-10-14 19:20,2026-10-14,2026-10-05T05:29:02.759214+07:00,2026-10-08T14:29:03.331132+07:00
VN1835_SGN_PQC_20261014T2030,Vietnam Airlines,VN 1835,SGN,PQC,2026-10-14 20:30,2026-10-14 21:30,2026-10-14,2026-10-05T05:29:02.759214+07:00,2026-10-08T14:29:03.331132+07:00
